new_la_code,la_name,region_code,region_name,headcount,TTperm_excl,TTperm_excl_rate,TTsuspension,TTsusp_rate,TTone_plus_susp,TTone_plus_susp_rate,perm_excl,perm_excl_rate,suspension,susp_rate,one_plus_susp,one_plus_susp_rate,SEN provision - SEN with an EHC plan,SEN provision - SEN without an EHC plan/SEN support,SEN provision - No SEN
E06000001,Hartlepool,E12000001,North East,15117.0,22.0,0.14553,2995.0,19.81213,794.0,5.25236,0,0.0,107,19.48998179,24,4.371584699,549.0,,
E06000001,Hartlepool,E12000001,North East,15117.0,22.0,0.14553,2995.0,19.81213,794.0,5.25236,7,0.303687636,832,36.09544469,202,8.763557484,,2305.0,
E06000001,Hartlepool,E12000001,North East,15117.0,22.0,0.14553,2995.0,19.81213,794.0,5.25236,15,0.122319171,2056,16.76588111,568,4.631819294,,,12263.0
E06000002,Middlesbrough,E12000001,North East,25753.0,73.0,0.28346,7256.0,28.17536,1437.0,5.57993,1,0.083682008,281,23.51464435,92,7.69874477,1195.0,,
E06000002,Middlesbrough,E12000001,North East,25753.0,73.0,0.28346,7256.0,28.17536,1437.0,5.57993,33,0.902132313,2469,67.4958994,439,12.00109349,,3658.0,
E06000002,Middlesbrough,E12000001,North East,25753.0,73.0,0.28346,7256.0,28.17536,1437.0,5.57993,39,0.186602871,4506,21.55980861,906,4.33492823,,,20900.0
E06000003,Redcar and Cleveland,E12000001,North East,21262.0,61.0,0.2869,6971.0,32.78619,1196.0,5.62506,0,0.0,511,54.18875928,101,10.71049841,943.0,,
E06000003,Redcar and Cleveland,E12000001,North East,21262.0,61.0,0.2869,6971.0,32.78619,1196.0,5.62506,25,0.825354903,2379,78.54077253,346,11.42291185,,3029.0,
E06000003,Redcar and Cleveland,E12000001,North East,21262.0,61.0,0.2869,6971.0,32.78619,1196.0,5.62506,36,0.20821284,4081,23.60323887,749,4.331983806,,,17290.0
E06000047,County Durham,E12000001,North East,73311.0,85.0,0.11594,6704.0,9.1446,2648.0,3.61201,1,0.034025179,413,14.05239878,185,6.294658047,2939.0,,
E06000047,County Durham,E12000001,North East,73311.0,85.0,0.11594,6704.0,9.1446,2648.0,3.61201,37,0.346701649,2417,22.64805097,866,8.114692654,,10672.0,
E06000047,County Durham,E12000001,North East,73311.0,85.0,0.11594,6704.0,9.1446,2648.0,3.61201,47,0.078726968,3874,6.489112228,1597,2.675041876,,,59700.0
E08000011,Knowsley,E12000002,North West,21402.0,33.0,0.15419,1376.0,6.42931,700.0,3.27072,0,0.0,109,8.630245447,54,4.275534442,1263.0,,
E08000011,Knowsley,E12000002,North West,21402.0,33.0,0.15419,1376.0,6.42931,700.0,3.27072,16,0.095357292,727,4.332796949,396,2.360092973,,,16779.0
E08000011,Knowsley,E12000002,North West,21402.0,33.0,0.15419,1376.0,6.42931,700.0,3.27072,17,0.505952381,540,16.07142857,250,7.44047619,,3360.0,
E08000006,Salford,E12000002,North West,38390.0,67.0,0.17452,4616.0,12.02396,1728.0,4.50117,1,0.052521008,316,16.59663866,129,6.775210084,1904.0,,
E08000006,Salford,E12000002,North West,38390.0,67.0,0.17452,4616.0,12.02396,1728.0,4.50117,31,0.102843114,2553,8.469628106,994,3.297614703,,,30143.0
E08000006,Salford,E12000002,North West,38390.0,67.0,0.17452,4616.0,12.02396,1728.0,4.50117,35,0.551789374,1747,27.54217247,605,9.538073467,,6343.0,
E06000004,Stockton-on-Tees,E12000001,North East,32300.0,85.0,0.26316,5894.0,18.24768,1448.0,4.48297,5,0.357398142,361,25.80414582,113,8.077197999,1399.0,,
E06000004,Stockton-on-Tees,E12000001,North East,32300.0,85.0,0.26316,5894.0,18.24768,1448.0,4.48297,25,0.620655412,1622,40.26812314,365,9.061569017,,4028.0,
E06000004,Stockton-on-Tees,E12000001,North East,32300.0,85.0,0.26316,5894.0,18.24768,1448.0,4.48297,55,0.204666394,3911,14.5536412,970,3.609570945,,,26873.0
E08000018,Rotherham,E12000003,Yorkshire and The Humber,45062.0,62.0,0.13759,5352.0,11.87697,1781.0,3.95233,5,0.243190661,494,24.02723735,185,8.998054475,2056.0,,
E08000018,Rotherham,E12000003,Yorkshire and The Humber,45062.0,62.0,0.13759,5352.0,11.87697,1781.0,3.95233,26,0.072278439,2756,7.661514511,981,2.727121094,,,35972.0
E08000018,Rotherham,E12000003,Yorkshire and The Humber,45062.0,62.0,0.13759,5352.0,11.87697,1781.0,3.95233,31,0.44071652,2102,29.88342337,615,8.743247086,,7034.0,
E08000035,Leeds,E12000003,Yorkshire and The Humber,131359.0,19.0,0.01446,13500.0,10.27718,4971.0,3.78429,0,0.0,373,11.24510099,144,4.341272234,3317.0,,
E08000035,Leeds,E12000003,Yorkshire and The Humber,131359.0,19.0,0.01446,13500.0,10.27718,4971.0,3.78429,8,0.040741495,4796,24.42452638,1597,8.133020982,,19636.0,
E08000035,Leeds,E12000003,Yorkshire and The Humber,131359.0,19.0,0.01446,13500.0,10.27718,4971.0,3.78429,11,0.01014704,8331,7.684998985,3230,2.979539878,,,108406.0
E10000023,North Yorkshire,E12000003,Yorkshire and The Humber,82875.0,75.0,0.0905,8184.0,9.87511,2803.0,3.3822,9,0.28125,853,26.65625,308,9.625,3200.0,,
E10000023,North Yorkshire,E12000003,Yorkshire and The Humber,82875.0,75.0,0.0905,8184.0,9.87511,2803.0,3.3822,33,0.047493632,4405,6.33968021,1663,2.393391189,,,69483.0
E10000023,North Yorkshire,E12000003,Yorkshire and The Humber,82875.0,75.0,0.0905,8184.0,9.87511,2803.0,3.3822,33,0.323783359,2926,28.70879121,832,8.163265306,,10192.0,
E06000005,Darlington,E12000001,North East,15979.0,29.0,0.18149,2227.0,13.93704,667.0,4.17423,1,0.142653352,203,28.95863053,60,8.559201141,701.0,,
E06000005,Darlington,E12000001,North East,15979.0,29.0,0.18149,2227.0,13.93704,667.0,4.17423,13,0.099365589,1138,8.698310785,390,2.980967668,,,13083.0
E06000005,Darlington,E12000001,North East,15979.0,29.0,0.18149,2227.0,13.93704,667.0,4.17423,15,0.683371298,886,40.36446469,217,9.886104784,,2195.0,
E06000057,Northumberland,E12000001,North East,45428.0,89.0,0.19591,6149.0,13.5357,1841.0,4.05257,0,0.0,946,41.85840708,244,10.79646018,2260.0,,
E06000057,Northumberland,E12000001,North East,45428.0,89.0,0.19591,6149.0,13.5357,1841.0,4.05257,33,0.554435484,1670,28.0577957,460,7.728494624,,5952.0,
E06000057,Northumberland,E12000001,North East,45428.0,89.0,0.19591,6149.0,13.5357,1841.0,4.05257,56,0.150472915,3533,9.493228719,1137,3.055137575,,,37216.0
E08000021,Newcastle upon Tyne,E12000001,North East,42140.0,61.0,0.14476,7028.0,16.67774,2308.0,5.47698,3,0.156331423,459,23.91870766,195,10.16154247,1919.0,,
E08000021,Newcastle upon Tyne,E12000001,North East,42140.0,61.0,0.14476,7028.0,16.67774,2308.0,5.47698,18,0.33463469,1591,29.57798847,497,9.23963562,,5379.0,
E08000021,Newcastle upon Tyne,E12000001,North East,42140.0,61.0,0.14476,7028.0,16.67774,2308.0,5.47698,40,0.114803972,4978,14.28735434,1616,4.638080478,,,34842.0
E08000022,North Tyneside,E12000001,North East,31311.0,87.0,0.27786,3014.0,9.62601,1143.0,3.65047,6,0.36407767,269,16.32281553,130,7.888349515,1648.0,,
E08000022,North Tyneside,E12000001,North East,31311.0,87.0,0.27786,3014.0,9.62601,1143.0,3.65047,30,0.787401575,811,21.28608924,299,7.847769029,,3810.0,
E08000022,North Tyneside,E12000001,North East,31311.0,87.0,0.27786,3014.0,9.62601,1143.0,3.65047,51,0.197269176,1934,7.480756585,714,2.76176846,,,25853.0
E06000009,Blackpool,E12000002,North West,19879.0,43.0,0.21631,3757.0,18.89934,1066.0,5.36244,3,0.311850312,319,33.16008316,94,9.771309771,962.0,,
E06000009,Blackpool,E12000002,North West,19879.0,43.0,0.21631,3757.0,18.89934,1066.0,5.36244,17,0.108335458,1981,12.62426714,589,3.753504971,,,15692.0
E06000009,Blackpool,E12000002,North West,19879.0,43.0,0.21631,3757.0,18.89934,1066.0,5.36244,23,0.713178295,1457,45.17829457,383,11.87596899,,3225.0,
E06000010,"Kingston upon Hull, City of",E12000003,Yorkshire and The Humber,42692.0,32.0,0.07496,5309.0,12.43559,1797.0,4.20922,0,0.0,302,16.85267857,139,7.756696429,1792.0,,
E06000010,"Kingston upon Hull, City of",E12000003,Yorkshire and The Humber,42692.0,32.0,0.07496,5309.0,12.43559,1797.0,4.20922,12,0.205233453,1200,20.52334531,408,6.977937404,,5847.0,
E06000010,"Kingston upon Hull, City of",E12000003,Yorkshire and The Humber,42692.0,32.0,0.07496,5309.0,12.43559,1797.0,4.20922,20,0.057056457,3807,10.86069666,1250,3.566028585,,,35053.0
E08000023,South Tyneside,E12000001,North East,22654.0,35.0,0.1545,1214.0,5.35888,595.0,2.62647,1,0.091407678,105,9.597806216,44,4.021937843,1094.0,,
E08000023,South Tyneside,E12000001,North East,22654.0,35.0,0.1545,1214.0,5.35888,595.0,2.62647,14,0.079167609,642,3.630400362,343,1.939606424,,,17684.0
E08000023,South Tyneside,E12000001,North East,22654.0,35.0,0.1545,1214.0,5.35888,595.0,2.62647,20,0.515995872,467,12.04850361,208,5.366357069,,3876.0,
E06000011,East Riding of Yorkshire,E12000003,Yorkshire and The Humber,45612.0,60.0,0.13154,3623.0,7.94309,1433.0,3.14172,5,0.255102041,382,19.48979592,167,8.520408163,1960.0,,
E06000011,East Riding of Yorkshire,E12000003,Yorkshire and The Humber,45612.0,60.0,0.13154,3623.0,7.94309,1433.0,3.14172,22,0.429184549,878,17.1283652,340,6.632852126,,5126.0,
E06000011,East Riding of Yorkshire,E12000003,Yorkshire and The Humber,45612.0,60.0,0.13154,3623.0,7.94309,1433.0,3.14172,33,0.08565644,2363,6.13352022,926,2.403571614,,,38526.0
E08000024,Sunderland,E12000001,North East,40869.0,90.0,0.22022,5890.0,14.4119,1854.0,4.53645,6,0.356718193,561,33.35315101,186,11.05826397,1682.0,,
E08000024,Sunderland,E12000001,North East,40869.0,90.0,0.22022,5890.0,14.4119,1854.0,4.53645,34,0.102526989,3457,10.42458235,1115,3.36228213,,,33162.0
E08000024,Sunderland,E12000001,North East,40869.0,90.0,0.22022,5890.0,14.4119,1854.0,4.53645,50,0.829875519,1872,31.07053942,553,9.178423237,,6025.0,
E08000037,Gateshead,E12000001,North East,28791.0,66.0,0.22924,3730.0,12.95544,1144.0,3.97346,1,0.079554495,149,11.85361973,64,5.091487669,1257.0,,
E08000037,Gateshead,E12000001,North East,28791.0,66.0,0.22924,3730.0,12.95544,1144.0,3.97346,29,0.768211921,1264,33.48344371,319,8.450331126,,3775.0,
E08000037,Gateshead,E12000001,North East,28791.0,66.0,0.22924,3730.0,12.95544,1144.0,3.97346,36,0.151521529,2317,9.752093943,761,3.202996759,,,23759.0
E06000006,Halton,E12000002,North West,18814.0,41.0,0.21792,1857.0,9.87031,747.0,3.97045,1,0.112359551,112,12.58426966,42,4.719101124,890.0,,
E06000006,Halton,E12000002,North West,18814.0,41.0,0.21792,1857.0,9.87031,747.0,3.97045,19,0.683453237,555,19.96402878,195,7.014388489,,2780.0,
E06000006,Halton,E12000002,North West,18814.0,41.0,0.21792,1857.0,9.87031,747.0,3.97045,21,0.13866878,1190,7.857897517,510,3.367670365,,,15144.0
E06000007,Warrington,E12000002,North West,33173.0,23.0,0.06933,1923.0,5.79688,740.0,2.23073,0,0.0,340,27.22177742,103,8.246597278,1249.0,,
E06000007,Warrington,E12000002,North West,33173.0,23.0,0.06933,1923.0,5.79688,740.0,2.23073,10,0.265251989,524,13.89920424,216,5.729442971,,3770.0,
E06000007,Warrington,E12000002,North West,33173.0,23.0,0.06933,1923.0,5.79688,740.0,2.23073,13,0.046174611,1059,3.761454855,421,1.49534702,,,28154.0
E08000001,Bolton,E12000002,North West,53273.0,109.0,0.20461,6472.0,12.14874,2167.0,4.06773,3,0.131233596,596,26.07174103,192,8.398950131,2286.0,,
E08000001,Bolton,E12000002,North West,53273.0,109.0,0.20461,6472.0,12.14874,2167.0,4.06773,44,0.098407586,3785,8.46528896,1408,3.149042763,,,44712.0
E08000001,Bolton,E12000002,North West,53273.0,109.0,0.20461,6472.0,12.14874,2167.0,4.06773,62,0.988047809,2091,33.32270916,567,9.035856574,,6275.0,
E06000008,Blackburn with Darwen,E12000002,North West,27761.0,35.0,0.12608,1887.0,6.79731,948.0,3.41486,0,0.0,120,11.75318315,54,5.288932419,1021.0,,
E06000008,Blackburn with Darwen,E12000002,North West,27761.0,35.0,0.12608,1887.0,6.79731,948.0,3.41486,15,0.066044382,1121,4.935716802,606,2.668193026,,,22712.0
E06000008,Blackburn with Darwen,E12000002,North West,27761.0,35.0,0.12608,1887.0,6.79731,948.0,3.41486,20,0.49652433,646,16.03773585,288,7.149950348,,4028.0,
E08000005,Rochdale,E12000002,North West,37780.0,83.0,0.21969,4668.0,12.35574,1799.0,4.76178,3,0.173210162,563,32.50577367,179,10.33487298,1732.0,,
E08000005,Rochdale,E12000002,North West,37780.0,83.0,0.21969,4668.0,12.35574,1799.0,4.76178,33,0.693568726,1234,25.93526692,445,9.352669189,,4758.0,
E08000005,Rochdale,E12000002,North West,37780.0,83.0,0.21969,4668.0,12.35574,1799.0,4.76178,47,0.150207734,2871,9.175455417,1175,3.755193353,,,31290.0
E08000008,Tameside,E12000002,North West,37443.0,64.0,0.17093,5367.0,14.33379,1848.0,4.9355,2,0.119976005,509,30.53389322,181,10.85782843,1667.0,,
E08000008,Tameside,E12000002,North West,37443.0,64.0,0.17093,5367.0,14.33379,1848.0,4.9355,19,0.3685742,1486,28.82638215,466,9.039767216,,5155.0,
E08000008,Tameside,E12000002,North West,37443.0,64.0,0.17093,5367.0,14.33379,1848.0,4.9355,43,0.140426505,3372,11.01205055,1201,3.922144933,,,30621.0
E06000049,Cheshire East,E12000002,North West,57034.0,51.0,0.08942,3744.0,6.56451,1538.0,2.69664,1,0.038895371,427,16.60832361,196,7.623492804,2571.0,,
E06000049,Cheshire East,E12000002,North West,57034.0,51.0,0.08942,3744.0,6.56451,1538.0,2.69664,21,0.391352963,1059,19.73537085,370,6.895266493,,5366.0,
E06000049,Cheshire East,E12000002,North West,57034.0,51.0,0.08942,3744.0,6.56451,1538.0,2.69664,29,0.059066745,2258,4.599059006,972,1.979754364,,,49097.0
E06000050,Cheshire West and Chester,E12000002,North West,51847.0,52.0,0.1003,3886.0,7.49513,1499.0,2.8912,3,0.127064803,304,12.87590004,136,5.760271072,2361.0,,
E06000050,Cheshire West and Chester,E12000002,North West,51847.0,52.0,0.1003,3886.0,7.49513,1499.0,2.8912,18,0.041488994,2253,5.193039069,900,2.074449695,,,43385.0
E06000050,Cheshire West and Chester,E12000002,North West,51847.0,52.0,0.1003,3886.0,7.49513,1499.0,2.8912,31,0.508113424,1329,21.78331421,463,7.588919849,,6101.0,
E08000002,Bury,E12000002,North West,29121.0,26.0,0.08928,2912.0,9.99966,1153.0,3.95934,3,0.215362527,337,24.19239052,109,7.824838478,1393.0,,
E08000002,Bury,E12000002,North West,29121.0,26.0,0.08928,2912.0,9.99966,1153.0,3.95934,11,0.313211845,806,22.9498861,279,7.944191344,,3512.0,
E08000002,Bury,E12000002,North West,29121.0,26.0,0.08928,2912.0,9.99966,1153.0,3.95934,12,0.049554014,1769,7.305087545,765,3.159068385,,,24216.0
E08000003,Manchester,E12000002,North West,92853.0,102.0,0.10985,10991.0,11.83699,4136.0,4.45435,8,0.161877782,1059,21.42857143,397,8.033184945,4942.0,,
E08000003,Manchester,E12000002,North West,92853.0,102.0,0.10985,10991.0,11.83699,4136.0,4.45435,45,0.343590135,3772,28.80048866,1234,9.422005039,,13097.0,
E08000003,Manchester,E12000002,North West,92853.0,102.0,0.10985,10991.0,11.83699,4136.0,4.45435,49,0.065495763,6160,8.233753041,2505,3.348303793,,,74814.0
E08000004,Oldham,E12000002,North West,45944.0,42.0,0.09142,3129.0,6.81046,1356.0,2.95142,1,0.041288192,304,12.55161024,152,6.27580512,2422.0,,
E08000004,Oldham,E12000002,North West,45944.0,42.0,0.09142,3129.0,6.81046,1356.0,2.95142,13,0.222869878,912,15.63517915,322,5.520315447,,5833.0,
E08000004,Oldham,E12000002,North West,45944.0,42.0,0.09142,3129.0,6.81046,1356.0,2.95142,28,0.074292234,1913,5.075751546,882,2.340205365,,,37689.0
E08000007,Stockport,E12000002,North West,43401.0,76.0,0.17511,4079.0,9.3984,1505.0,3.46766,4,0.192864031,436,21.02217936,169,8.148505304,2074.0,,
E08000007,Stockport,E12000002,North West,43401.0,76.0,0.17511,4079.0,9.3984,1505.0,3.46766,35,0.646472109,1341,24.7691171,459,8.478019948,,5414.0,
E08000007,Stockport,E12000002,North West,43401.0,76.0,0.17511,4079.0,9.3984,1505.0,3.46766,37,0.103026759,2302,6.409935121,877,2.442012642,,,35913.0
E08000009,Trafford,E12000002,North West,43670.0,51.0,0.11678,1716.0,3.92947,903.0,2.06778,7,0.345679012,296,14.61728395,136,6.716049383,2025.0,,
E08000009,Trafford,E12000002,North West,43670.0,51.0,0.11678,1716.0,3.92947,903.0,2.06778,16,0.354295837,417,9.233835252,209,4.627989371,,4516.0,
E08000009,Trafford,E12000002,North West,43670.0,51.0,0.11678,1716.0,3.92947,903.0,2.06778,28,0.07541275,1003,2.701392443,558,1.502868378,,,37129.0
E08000010,Wigan,E12000002,North West,47981.0,76.0,0.1584,3815.0,7.95106,1579.0,3.29089,5,0.255362615,398,20.32686415,151,7.71195097,1958.0,,
E08000010,Wigan,E12000002,North West,47981.0,76.0,0.1584,3815.0,7.95106,1579.0,3.29089,35,0.089838035,2014,5.169537206,892,2.289586488,,,38959.0
E08000010,Wigan,E12000002,North West,47981.0,76.0,0.1584,3815.0,7.95106,1579.0,3.29089,36,0.509626274,1403,19.8612684,536,7.587768969,,7064.0,
E08000014,Sefton,E12000002,North West,40369.0,35.0,0.0867,1977.0,4.89732,1104.0,2.73477,0,0.0,188,10.90487239,89,5.162412993,1724.0,,
E08000014,Sefton,E12000002,North West,40369.0,35.0,0.0867,1977.0,4.89732,1104.0,2.73477,16,0.286635614,630,11.28627732,318,5.696882838,,5582.0,
E08000014,Sefton,E12000002,North West,40369.0,35.0,0.0867,1977.0,4.89732,1104.0,2.73477,19,0.05746605,1159,3.505429029,697,2.108096664,,,33063.0
E08000012,Liverpool,E12000002,North West,76919.0,154.0,0.20021,9330.0,12.12964,3350.0,4.35523,23,0.620615219,847,22.85483001,303,8.175930923,3706.0,,
E08000012,Liverpool,E12000002,North West,76919.0,154.0,0.20021,9330.0,12.12964,3350.0,4.35523,59,0.467882633,2936,23.28310864,947,7.509912768,,12610.0,
E08000012,Liverpool,E12000002,North West,76919.0,154.0,0.20021,9330.0,12.12964,3350.0,4.35523,72,0.118806,5547,9.153012227,2100,3.465174991,,,60603.0
E08000017,Doncaster,E12000003,Yorkshire and The Humber,48053.0,82.0,0.17064,11633.0,24.20869,2760.0,5.74366,4,0.258064516,497,32.06451613,147,9.483870968,1550.0,,
E08000017,Doncaster,E12000003,Yorkshire and The Humber,48053.0,82.0,0.17064,11633.0,24.20869,2760.0,5.74366,30,0.475285171,3529,55.90937896,768,12.16730038,,6312.0,
E08000017,Doncaster,E12000003,Yorkshire and The Humber,48053.0,82.0,0.17064,11633.0,24.20869,2760.0,5.74366,48,0.119429723,7607,18.92712299,1845,4.590579981,,,40191.0
E08000013,St. Helens,E12000002,North West,27171.0,29.0,0.10673,2859.0,10.52225,1098.0,4.04107,4,0.367309458,315,28.92561983,97,8.907254362,1089.0,,
E08000013,St. Helens,E12000002,North West,27171.0,29.0,0.10673,2859.0,10.52225,1098.0,4.04107,10,0.236406619,1051,24.8463357,372,8.794326241,,4230.0,
E08000013,St. Helens,E12000002,North West,27171.0,29.0,0.10673,2859.0,10.52225,1098.0,4.04107,15,0.068643602,1493,6.83232656,629,2.878455061,,,21852.0
E10000017,Lancashire,E12000002,North West,176271.0,440.0,0.24962,16515.0,9.3691,6922.0,3.92691,27,0.392784405,1354,19.69741053,489,7.113762002,6874.0,,
E10000017,Lancashire,E12000002,North West,176271.0,440.0,0.24962,16515.0,9.3691,6922.0,3.92691,150,0.745712155,4802,23.87273179,1704,8.471290082,,20115.0,
E10000017,Lancashire,E12000002,North West,176271.0,440.0,0.24962,16515.0,9.3691,6922.0,3.92691,263,0.176176632,10359,6.939215713,4729,3.167830013,,,149282.0
E08000016,Barnsley,E12000003,Yorkshire and The Humber,35191.0,93.0,0.26427,7338.0,20.85192,1787.0,5.078,8,0.539447067,536,36.14295347,170,11.46325017,1483.0,,
E08000016,Barnsley,E12000003,Yorkshire and The Humber,35191.0,93.0,0.26427,7338.0,20.85192,1787.0,5.078,40,0.134930005,4839,16.32315736,1152,3.885984146,,,29645.0
E08000016,Barnsley,E12000003,Yorkshire and The Humber,35191.0,93.0,0.26427,7338.0,20.85192,1787.0,5.078,45,1.107555993,1963,48.31405365,465,11.44474526,,4063.0,
E08000036,Wakefield,E12000003,Yorkshire and The Humber,54568.0,45.0,0.08247,8124.0,14.88785,2397.0,4.39268,1,0.043898156,710,31.16769096,240,10.53555751,2278.0,,
E08000036,Wakefield,E12000003,Yorkshire and The Humber,54568.0,45.0,0.08247,8124.0,14.88785,2397.0,4.39268,14,0.191204589,2378,32.47746517,650,8.877355914,,7322.0,
E08000036,Wakefield,E12000003,Yorkshire and The Humber,54568.0,45.0,0.08247,8124.0,14.88785,2397.0,4.39268,30,0.066714108,5036,11.1990749,1507,3.351272016,,,44968.0
E06000012,North East Lincolnshire,E12000003,Yorkshire and The Humber,24052.0,40.0,0.16631,3293.0,13.69117,1117.0,4.6441,1,0.112739572,179,20.18038331,70,7.891770011,887.0,,
E06000012,North East Lincolnshire,E12000003,Yorkshire and The Humber,24052.0,40.0,0.16631,3293.0,13.69117,1117.0,4.6441,18,0.594059406,1026,33.86138614,327,10.79207921,,3030.0,
E06000012,North East Lincolnshire,E12000003,Yorkshire and The Humber,24052.0,40.0,0.16631,3293.0,13.69117,1117.0,4.6441,21,0.104296002,2088,10.37000248,720,3.575862925,,,20135.0
E06000014,York,E12000003,Yorkshire and The Humber,25517.0,15.0,0.05878,3281.0,12.85809,928.0,3.63679,1,0.112739572,239,26.94475761,75,8.455467869,887.0,,
E06000014,York,E12000003,Yorkshire and The Humber,25517.0,15.0,0.05878,3281.0,12.85809,928.0,3.63679,6,0.027282648,1961,8.916878865,570,2.591851582,,,21992.0
E06000014,York,E12000003,Yorkshire and The Humber,25517.0,15.0,0.05878,3281.0,12.85809,928.0,3.63679,8,0.303260045,1081,40.97801365,283,10.72782411,,2638.0,
E08000015,Wirral,E12000002,North West,50914.0,60.0,0.11785,3833.0,7.52838,1777.0,3.4902,6,0.243704305,505,20.51177904,199,8.082859464,2462.0,,
E08000015,Wirral,E12000002,North West,50914.0,60.0,0.11785,3833.0,7.52838,1777.0,3.4902,25,0.316616008,1440,18.23708207,618,7.82674772,,7896.0,
E08000015,Wirral,E12000002,North West,50914.0,60.0,0.11785,3833.0,7.52838,1777.0,3.4902,29,0.071506066,1888,4.655291449,960,2.367097347,,,40556.0
E06000015,Derby,E12000004,East Midlands,44649.0,27.0,0.06047,4797.0,10.7438,1690.0,3.78508,0,0.0,343,15.69075938,145,6.633119854,2186.0,,
E06000015,Derby,E12000004,East Midlands,44649.0,27.0,0.06047,4797.0,10.7438,1690.0,3.78508,9,0.024547909,3051,8.321741265,1074,2.929383847,,,36663.0
E06000015,Derby,E12000004,East Midlands,44649.0,27.0,0.06047,4797.0,10.7438,1690.0,3.78508,18,0.310344828,1403,24.18965517,471,8.120689655,,5800.0,
E10000006,Cumbria,E12000002,North West,70392.0,83.0,0.11791,4690.0,6.66269,2181.0,3.09836,2,0.065231572,524,17.09067189,205,6.686236138,3066.0,,
E10000006,Cumbria,E12000002,North West,70392.0,83.0,0.11791,4690.0,6.66269,2181.0,3.09836,31,0.357348703,1372,15.81556196,553,6.374639769,,8675.0,
E10000006,Cumbria,E12000002,North West,70392.0,83.0,0.11791,4690.0,6.66269,2181.0,3.09836,50,0.085250038,2794,4.763772144,1423,2.426216092,,,58651.0
E08000032,Bradford,E12000003,Yorkshire and The Humber,100316.0,149.0,0.14853,18504.0,18.44571,5493.0,5.4757,4,0.102014792,979,24.96812038,324,8.263198164,3921.0,,
E08000032,Bradford,E12000003,Yorkshire and The Humber,100316.0,149.0,0.14853,18504.0,18.44571,5493.0,5.4757,68,0.082142469,11997,14.49210587,3733,4.509379945,,,82783.0
E08000032,Bradford,E12000003,Yorkshire and The Humber,100316.0,149.0,0.14853,18504.0,18.44571,5493.0,5.4757,77,0.565677344,5528,40.61122539,1436,10.54951513,,13612.0,
E06000013,North Lincolnshire,E12000003,Yorkshire and The Humber,24633.0,27.0,0.10961,2758.0,11.19636,1011.0,4.10425,1,0.118483412,177,20.97156398,62,7.345971564,844.0,,
E06000013,North Lincolnshire,E12000003,Yorkshire and The Humber,24633.0,27.0,0.10961,2758.0,11.19636,1011.0,4.10425,8,0.230017251,928,26.68200115,309,8.884416331,,3478.0,
E06000013,North Lincolnshire,E12000003,Yorkshire and The Humber,24633.0,27.0,0.10961,2758.0,11.19636,1011.0,4.10425,18,0.088621929,1653,8.138447147,640,3.15100192,,,20311.0
E08000033,Calderdale,E12000003,Yorkshire and The Humber,36458.0,80.0,0.21943,4632.0,12.70503,1711.0,4.69307,7,0.462046205,336,22.17821782,99,6.534653465,1515.0,,
E08000033,Calderdale,E12000003,Yorkshire and The Humber,36458.0,80.0,0.21943,4632.0,12.70503,1711.0,4.69307,35,0.798175599,1389,31.67616876,420,9.578107184,,4385.0,
E08000033,Calderdale,E12000003,Yorkshire and The Humber,36458.0,80.0,0.21943,4632.0,12.70503,1711.0,4.69307,38,0.124353688,2907,9.513057137,1192,3.900778847,,,30558.0
E08000034,Kirklees,E12000003,Yorkshire and The Humber,67238.0,88.0,0.13088,7382.0,10.97891,2596.0,3.86091,7,0.289615225,639,26.43773273,202,8.357467935,2417.0,,
E08000034,Kirklees,E12000003,Yorkshire and The Humber,67238.0,88.0,0.13088,7382.0,10.97891,2596.0,3.86091,29,0.051621631,4006,7.130905337,1567,2.789348143,,,56178.0
E08000034,Kirklees,E12000003,Yorkshire and The Humber,67238.0,88.0,0.13088,7382.0,10.97891,2596.0,3.86091,52,0.601642948,2737,31.66724517,827,9.568436885,,8643.0,
E08000019,Sheffield,E12000003,Yorkshire and The Humber,84792.0,134.0,0.15803,11972.0,14.11926,4069.0,4.7988,11,0.329242742,1021,30.55971266,347,10.38611194,3341.0,,
E08000019,Sheffield,E12000003,Yorkshire and The Humber,84792.0,134.0,0.15803,11972.0,14.11926,4069.0,4.7988,57,0.46191248,4686,37.97406807,1349,10.93192869,,12340.0,
E08000019,Sheffield,E12000003,Yorkshire and The Humber,84792.0,134.0,0.15803,11972.0,14.11926,4069.0,4.7988,66,0.095498546,6265,9.065127114,2373,3.433606806,,,69111.0
E06000016,Leicester,E12000004,East Midlands,60331.0,24.0,0.03978,3346.0,5.54607,1646.0,2.72828,4,0.056053812,1085,15.20459641,454,6.362107623,,7136.0,
E06000016,Leicester,E12000004,East Midlands,60331.0,24.0,0.03978,3346.0,5.54607,1646.0,2.72828,4,0.17444396,277,12.08024422,129,5.625817706,2293.0,,
E06000016,Leicester,E12000004,East Midlands,60331.0,24.0,0.03978,3346.0,5.54607,1646.0,2.72828,16,0.03143295,1984,3.897685749,1063,2.088326588,,,50902.0
E06000017,Rutland,E12000004,East Midlands,6105.0,4.0,0.06552,407.0,6.66667,192.0,3.14496,1,0.158982512,111,17.64705882,49,7.790143084,,629.0,
E06000017,Rutland,E12000004,East Midlands,6105.0,4.0,0.06552,407.0,6.66667,192.0,3.14496,1,0.568181818,31,17.61363636,13,7.386363636,176.0,,
E06000017,Rutland,E12000004,East Midlands,6105.0,4.0,0.06552,407.0,6.66667,192.0,3.14496,2,0.037735849,265,5.0,130,2.452830189,,,5300.0
E06000018,Nottingham,E12000004,East Midlands,48574.0,96.0,0.19764,8355.0,17.20056,2636.0,5.42677,5,0.452898551,288,26.08695652,123,11.14130435,1104.0,,
E06000018,Nottingham,E12000004,East Midlands,48574.0,96.0,0.19764,8355.0,17.20056,2636.0,5.42677,44,0.673916373,2993,45.84162965,761,11.65569,,6529.0,
E06000018,Nottingham,E12000004,East Midlands,48574.0,96.0,0.19764,8355.0,17.20056,2636.0,5.42677,47,0.114799345,5074,12.39344422,1752,4.27932879,,,40941.0
E06000061,North Northamptonshire,E12000004,East Midlands,55900.0,99.0,0.1771,6826.0,12.21109,2265.0,4.05188,5,0.216262976,529,22.88062284,183,7.915224913,2312.0,,
E06000061,North Northamptonshire,E12000004,East Midlands,55900.0,99.0,0.1771,6826.0,12.21109,2265.0,4.05188,37,0.599773059,2031,32.92267791,601,9.742259686,,6169.0,
E06000061,North Northamptonshire,E12000004,East Midlands,55900.0,99.0,0.1771,6826.0,12.21109,2265.0,4.05188,57,0.120204981,4266,8.996393851,1481,3.12322065,,,47419.0
E06000062,West Northamptonshire,E12000004,East Midlands,67415.0,78.0,0.1157,6212.0,9.21457,2279.0,3.38055,0,0.0,483,20.81896552,189,8.146551724,2320.0,,
E06000062,West Northamptonshire,E12000004,East Midlands,67415.0,78.0,0.1157,6212.0,9.21457,2279.0,3.38055,28,0.360036004,2161,27.78706442,684,8.795165231,,7777.0,
E06000062,West Northamptonshire,E12000004,East Midlands,67415.0,78.0,0.1157,6212.0,9.21457,2279.0,3.38055,50,0.087232632,3568,6.224920618,1406,2.452981611,,,57318.0
E10000007,Derbyshire,E12000004,East Midlands,108568.0,187.0,0.17224,12344.0,11.36983,4083.0,3.76078,24,0.717488789,1101,32.91479821,363,10.85201794,3345.0,,
E10000007,Derbyshire,E12000004,East Midlands,108568.0,187.0,0.17224,12344.0,11.36983,4083.0,3.76078,78,0.087442966,6472,7.255524041,2326,2.607594085,,,89201.0
E10000007,Derbyshire,E12000004,East Midlands,108568.0,187.0,0.17224,12344.0,11.36983,4083.0,3.76078,85,0.530520534,4771,29.77780552,1394,8.700536762,,16022.0,
E10000018,Leicestershire,E12000004,East Midlands,100840.0,67.0,0.06644,8444.0,8.37366,3186.0,3.15946,9,0.217759497,756,18.29179773,266,6.436002903,4133.0,,
E10000018,Leicestershire,E12000004,East Midlands,100840.0,67.0,0.06644,8444.0,8.37366,3186.0,3.15946,20,0.161394448,2868,23.14396385,986,7.956746288,,12392.0,
E10000018,Leicestershire,E12000004,East Midlands,100840.0,67.0,0.06644,8444.0,8.37366,3186.0,3.15946,38,0.045069086,4820,5.716657771,1934,2.29377928,,,84315.0
E10000019,Lincolnshire,E12000004,East Midlands,108718.0,165.0,0.15177,13343.0,12.27304,4749.0,4.36818,13,0.253757564,1298,25.33671677,450,8.783915674,5123.0,,
E10000019,Lincolnshire,E12000004,East Midlands,108718.0,165.0,0.15177,13343.0,12.27304,4749.0,4.36818,72,0.482476714,4675,31.32748107,1509,10.11190779,,14923.0,
E10000019,Lincolnshire,E12000004,East Midlands,108718.0,165.0,0.15177,13343.0,12.27304,4749.0,4.36818,80,0.090220137,7370,8.311530134,2790,3.146427283,,,88672.0
E10000024,Nottinghamshire,E12000004,East Midlands,127678.0,126.0,0.09869,13813.0,10.81862,4815.0,3.77121,2,0.086355786,523,22.582038,211,9.110535406,2316.0,,
E10000024,Nottinghamshire,E12000004,East Midlands,127678.0,126.0,0.09869,13813.0,10.81862,4815.0,3.77121,60,0.458295142,4432,33.85273449,1347,10.28872594,,13092.0,
E10000024,Nottinghamshire,E12000004,East Midlands,127678.0,126.0,0.09869,13813.0,10.81862,4815.0,3.77121,64,0.057005433,8858,7.889908257,3257,2.901042131,,,112270.0
E06000019,"Herefordshire, County of",E12000005,West Midlands,23777.0,32.0,0.13458,1434.0,6.03104,642.0,2.70009,1,0.110011001,144,15.84158416,76,8.360836084,909.0,,
E06000019,"Herefordshire, County of",E12000005,West Midlands,23777.0,32.0,0.13458,1434.0,6.03104,642.0,2.70009,13,0.067690706,716,3.728195782,340,1.770372299,,,19205.0
E06000019,"Herefordshire, County of",E12000005,West Midlands,23777.0,32.0,0.13458,1434.0,6.03104,642.0,2.70009,18,0.491400491,574,15.67021567,226,6.16980617,,3663.0,
E06000020,Telford and Wrekin,E12000005,West Midlands,31879.0,22.0,0.06901,3706.0,11.62521,1215.0,3.81129,2,0.168491997,216,18.19713564,101,8.50884583,1187.0,,
E06000020,Telford and Wrekin,E12000005,West Midlands,31879.0,22.0,0.06901,3706.0,11.62521,1215.0,3.81129,7,0.148210883,1346,28.49883549,391,8.27863646,,4723.0,
E06000020,Telford and Wrekin,E12000005,West Midlands,31879.0,22.0,0.06901,3706.0,11.62521,1215.0,3.81129,13,0.050059687,2144,8.255997536,723,2.784088721,,,25969.0
E06000021,Stoke-on-Trent,E12000005,West Midlands,41136.0,94.0,0.22851,8802.0,21.39732,2509.0,6.09928,3,0.17055145,566,32.17737351,189,10.74474133,1759.0,,
E06000021,Stoke-on-Trent,E12000005,West Midlands,41136.0,94.0,0.22851,8802.0,21.39732,2509.0,6.09928,44,0.131949859,5286,15.85197625,1632,4.894140227,,,33346.0
E06000021,Stoke-on-Trent,E12000005,West Midlands,41136.0,94.0,0.22851,8802.0,21.39732,2509.0,6.09928,47,0.779306914,2950,48.91394462,688,11.40772675,,6031.0,
E06000051,Shropshire,E12000005,West Midlands,39944.0,78.0,0.19527,4322.0,10.82015,1490.0,3.73022,9,0.687547746,502,38.34988541,159,12.14667685,1309.0,,
E06000051,Shropshire,E12000005,West Midlands,39944.0,78.0,0.19527,4322.0,10.82015,1490.0,3.73022,28,0.083301104,2333,6.940766965,929,2.763811621,,,33613.0
E06000051,Shropshire,E12000005,West Midlands,39944.0,78.0,0.19527,4322.0,10.82015,1490.0,3.73022,41,0.816407806,1487,29.60971724,402,8.004778973,,5022.0,
E08000025,Birmingham,E12000005,West Midlands,203796.0,281.0,0.13788,15142.0,7.42998,8001.0,3.92598,15,0.199071002,930,12.34240212,417,5.534173855,7535.0,,
E08000025,Birmingham,E12000005,West Midlands,203796.0,281.0,0.13788,15142.0,7.42998,8001.0,3.92598,125,0.074641125,9002,5.375355292,5285,3.155826785,,,167468.0
E08000025,Birmingham,E12000005,West Midlands,203796.0,281.0,0.13788,15142.0,7.42998,8001.0,3.92598,141,0.489702358,5210,18.09467579,2299,7.984579585,,28793.0,
E08000026,Coventry,E12000005,West Midlands,59900.0,79.0,0.13189,5519.0,9.21369,2497.0,4.16861,9,0.429594272,739,35.27446301,242,11.55131265,2095.0,,
E08000026,Coventry,E12000005,West Midlands,59900.0,79.0,0.13189,5519.0,9.21369,2497.0,4.16861,29,0.310791984,1892,20.2764977,825,8.841496088,,9331.0,
E08000026,Coventry,E12000005,West Midlands,59900.0,79.0,0.13189,5519.0,9.21369,2497.0,4.16861,41,0.084581425,2888,5.957833065,1430,2.95003507,,,48474.0
E08000027,Dudley,E12000005,West Midlands,47893.0,84.0,0.17539,4052.0,8.46053,1838.0,3.83772,7,0.319197446,350,15.95987232,146,6.65754674,2193.0,,
E08000027,Dudley,E12000005,West Midlands,47893.0,84.0,0.17539,4052.0,8.46053,1838.0,3.83772,36,0.552910459,1276,19.59760405,528,8.109353402,,6511.0,
E08000027,Dudley,E12000005,West Midlands,47893.0,84.0,0.17539,4052.0,8.46053,1838.0,3.83772,41,0.104621195,2426,6.190512644,1164,2.970221236,,,39189.0
E08000028,Sandwell,E12000005,West Midlands,62475.0,49.0,0.07843,3839.0,6.14486,2069.0,3.31172,1,0.043215212,318,13.74243734,150,6.482281763,2314.0,,
E08000028,Sandwell,E12000005,West Midlands,62475.0,49.0,0.07843,3839.0,6.14486,2069.0,3.31172,22,0.276590395,1220,15.33819462,592,7.442796077,,7954.0,
E08000028,Sandwell,E12000005,West Midlands,62475.0,49.0,0.07843,3839.0,6.14486,2069.0,3.31172,26,0.049801751,2301,4.407454939,1327,2.541804739,,,52207.0
E08000029,Solihull,E12000005,West Midlands,40395.0,65.0,0.16091,3511.0,8.69167,1512.0,3.74304,4,0.257234727,313,20.12861736,121,7.781350482,1555.0,,
E08000029,Solihull,E12000005,West Midlands,40395.0,65.0,0.16091,3511.0,8.69167,1512.0,3.74304,26,0.469314079,1253,22.61732852,471,8.501805054,,5540.0,
E08000029,Solihull,E12000005,West Midlands,40395.0,65.0,0.16091,3511.0,8.69167,1512.0,3.74304,35,0.105105105,1945,5.840840841,920,2.762762763,,,33300.0
E08000030,Walsall,E12000005,West Midlands,52915.0,47.0,0.08882,3107.0,5.87168,1556.0,2.94057,1,0.046403712,271,12.57540603,140,6.496519722,2155.0,,
E08000030,Walsall,E12000005,West Midlands,52915.0,47.0,0.08882,3107.0,5.87168,1556.0,2.94057,16,0.23242301,915,13.29169088,414,6.013945381,,6884.0,
E08000030,Walsall,E12000005,West Midlands,52915.0,47.0,0.08882,3107.0,5.87168,1556.0,2.94057,30,0.06837451,1921,4.378247789,1002,2.283708633,,,43876.0
E08000031,Wolverhampton,E12000005,West Midlands,48838.0,70.0,0.14333,3068.0,6.28199,1473.0,3.01609,4,0.201918223,312,15.7496214,142,7.168096921,1981.0,,
E08000031,Wolverhampton,E12000005,West Midlands,48838.0,70.0,0.14333,3068.0,6.28199,1473.0,3.01609,30,0.452284034,1101,16.59882406,440,6.633499171,,6633.0,
E08000031,Wolverhampton,E12000005,West Midlands,48838.0,70.0,0.14333,3068.0,6.28199,1473.0,3.01609,36,0.089498807,1655,4.114459029,891,2.215095465,,,40224.0
E10000028,Staffordshire,E12000005,West Midlands,124794.0,230.0,0.1843,11636.0,9.32417,4650.0,3.72614,13,0.265631385,749,15.30445443,309,6.313853698,4894.0,,
E10000028,Staffordshire,E12000005,West Midlands,124794.0,230.0,0.1843,11636.0,9.32417,4650.0,3.72614,97,0.664656708,3664,25.10620803,1303,8.92832671,,14594.0,
E10000028,Staffordshire,E12000005,West Midlands,124794.0,230.0,0.1843,11636.0,9.32417,4650.0,3.72614,120,0.113953621,7223,6.859058363,3038,2.884925835,,,105306.0
E10000031,Warwickshire,E12000005,West Midlands,88597.0,131.0,0.14786,8013.0,9.04432,3121.0,3.52269,9,0.258992806,739,21.26618705,305,8.776978417,3475.0,,
E10000031,Warwickshire,E12000005,West Midlands,88597.0,131.0,0.14786,8013.0,9.04432,3121.0,3.52269,51,0.44305447,3035,26.36608461,1068,9.278081835,,11511.0,
E10000031,Warwickshire,E12000005,West Midlands,88597.0,131.0,0.14786,8013.0,9.04432,3121.0,3.52269,71,0.096452976,4239,5.758650202,1748,2.374645094,,,73611.0
E10000034,Worcestershire,E12000005,West Midlands,82426.0,121.0,0.1468,5322.0,6.4567,2601.0,3.15556,10,0.303766707,695,21.11178615,304,9.234507898,3292.0,,
E10000034,Worcestershire,E12000005,West Midlands,82426.0,121.0,0.1468,5322.0,6.4567,2601.0,3.15556,42,0.363321799,1801,15.57958478,767,6.634948097,,11560.0,
E10000034,Worcestershire,E12000005,West Midlands,82426.0,121.0,0.1468,5322.0,6.4567,2601.0,3.15556,69,0.102110279,2826,4.182081866,1530,2.26418445,,,67574.0
E06000031,Peterborough,E12000006,East of England,40660.0,58.0,0.14265,4912.0,12.08067,1986.0,4.88441,7,0.453955901,544,35.27885863,193,12.51621271,1542.0,,
E06000031,Peterborough,E12000006,East of England,40660.0,58.0,0.14265,4912.0,12.08067,1986.0,4.88441,20,0.460511167,1303,30.00230256,440,10.13124568,,4343.0,
E06000031,Peterborough,E12000006,East of England,40660.0,58.0,0.14265,4912.0,12.08067,1986.0,4.88441,31,0.0891445,3065,8.813803019,1353,3.890726096,,,34775.0
E06000032,Luton,E12000006,East of England,39879.0,22.0,0.05517,2242.0,5.62201,1250.0,3.13448,3,0.178890877,227,13.53607633,98,5.843768634,1677.0,,
E06000032,Luton,E12000006,East of England,39879.0,22.0,0.05517,2242.0,5.62201,1250.0,3.13448,4,0.076394194,619,11.82200153,307,5.863254393,,5236.0,
E06000032,Luton,E12000006,East of England,39879.0,22.0,0.05517,2242.0,5.62201,1250.0,3.13448,15,0.045501426,1396,4.23466602,845,2.563246982,,,32966.0
E06000033,Southend-on-Sea,E12000006,East of England,31279.0,32.0,0.10231,2123.0,6.7873,908.0,2.90291,1,0.079302141,168,13.32275971,68,5.392545599,1261.0,,
E06000033,Southend-on-Sea,E12000006,East of England,31279.0,32.0,0.10231,2123.0,6.7873,908.0,2.90291,14,0.051936489,1258,4.66686452,588,2.181332542,,,26956.0
E06000033,Southend-on-Sea,E12000006,East of England,31279.0,32.0,0.10231,2123.0,6.7873,908.0,2.90291,17,0.555192685,697,22.76290007,252,8.229915088,,3062.0,
E06000034,Thurrock,E12000006,East of England,31557.0,18.0,0.05704,2140.0,6.78138,1018.0,3.22591,1,0.063653724,284,18.07765754,121,7.702100573,1571.0,,
E06000034,Thurrock,E12000006,East of England,31557.0,18.0,0.05704,2140.0,6.78138,1018.0,3.22591,6,0.172661871,577,16.60431655,242,6.964028777,,3475.0,
E06000034,Thurrock,E12000006,East of England,31557.0,18.0,0.05704,2140.0,6.78138,1018.0,3.22591,11,0.041492211,1279,4.824412508,655,2.470672551,,,26511.0
E06000055,Bedford,E12000006,East of England,31097.0,47.0,0.15114,2418.0,7.77567,1118.0,3.5952,7,0.568181818,317,25.73051948,126,10.22727273,1232.0,,
E06000055,Bedford,E12000006,East of England,31097.0,47.0,0.15114,2418.0,7.77567,1118.0,3.5952,17,0.521952717,607,18.63678232,253,7.767884556,,3257.0,
E06000055,Bedford,E12000006,East of England,31097.0,47.0,0.15114,2418.0,7.77567,1118.0,3.5952,23,0.086440168,1494,5.614852676,739,2.777360192,,,26608.0
E06000056,Central Bedfordshire,E12000006,East of England,47756.0,73.0,0.15286,3821.0,8.00109,1541.0,3.22682,16,0.690548123,605,26.11135088,253,10.91929219,2317.0,,
E06000056,Central Bedfordshire,E12000006,East of England,47756.0,73.0,0.15286,3821.0,8.00109,1541.0,3.22682,21,0.369913687,1343,23.65686102,464,8.173330985,,5677.0,
E06000056,Central Bedfordshire,E12000006,East of England,47756.0,73.0,0.15286,3821.0,8.00109,1541.0,3.22682,36,0.090538705,1873,4.710527639,824,2.072330366,,,39762.0
E10000003,Cambridgeshire,E12000006,East of England,90876.0,22.0,0.02421,7203.0,7.92619,2913.0,3.20547,6,0.123941334,1395,28.81636026,533,11.01012188,4841.0,,
E10000003,Cambridgeshire,E12000006,East of England,90876.0,22.0,0.02421,7203.0,7.92619,2913.0,3.20547,7,0.009267718,3492,4.623267268,1560,2.06537713,,,75531.0
E10000003,Cambridgeshire,E12000006,East of England,90876.0,22.0,0.02421,7203.0,7.92619,2913.0,3.20547,9,0.085681645,2316,22.04874334,820,7.806549886,,10504.0,
E10000012,Essex,E12000006,East of England,221352.0,162.0,0.07319,20582.0,9.29831,8528.0,3.85269,5,0.057910586,1888,21.86703729,685,7.93375029,8634.0,,
E10000012,Essex,E12000006,East of England,221352.0,162.0,0.07319,20582.0,9.29831,8528.0,3.85269,65,0.254283702,6731,26.33205539,2409,9.424145216,,25562.0,
E10000012,Essex,E12000006,East of England,221352.0,162.0,0.07319,20582.0,9.29831,8528.0,3.85269,92,0.049156853,11963,6.391993845,5434,2.903460215,,,187156.0
E10000015,Hertfordshire,E12000006,East of England,200477.0,165.0,0.0823,12436.0,6.20321,5966.0,2.9759,29,0.405197709,1703,23.79488613,726,10.14391505,7157.0,,
E10000015,Hertfordshire,E12000006,East of England,200477.0,165.0,0.0823,12436.0,6.20321,5966.0,2.9759,60,0.237944162,4331,17.17560279,1794,7.114530457,,25216.0,
E10000015,Hertfordshire,E12000006,East of England,200477.0,165.0,0.0823,12436.0,6.20321,5966.0,2.9759,76,0.045210108,6402,3.808356732,3446,2.049921477,,,168104.0
E10000020,Norfolk,E12000006,East of England,118646.0,222.0,0.18711,14980.0,12.62579,5189.0,4.37351,32,0.653194529,1638,33.43539498,556,11.34925495,4899.0,,
E10000020,Norfolk,E12000006,East of England,118646.0,222.0,0.18711,14980.0,12.62579,5189.0,4.37351,86,0.088365546,7990,8.209775695,2947,3.028061198,,,97323.0
E10000020,Norfolk,E12000006,East of England,118646.0,222.0,0.18711,14980.0,12.62579,5189.0,4.37351,104,0.633219679,5352,32.58645884,1686,10.26546517,,16424.0,
E10000029,Suffolk,E12000006,East of England,104327.0,169.0,0.16199,11113.0,10.65208,3898.0,3.73633,15,0.362581581,1057,25.5499154,393,9.499637418,4137.0,,
E10000029,Suffolk,E12000006,East of England,104327.0,169.0,0.16199,11113.0,10.65208,3898.0,3.73633,75,0.559159025,4078,30.40334004,1270,9.468426154,,13413.0,
E10000029,Suffolk,E12000006,East of England,104327.0,169.0,0.16199,11113.0,10.65208,3898.0,3.73633,79,0.091037948,5978,6.88892218,2235,2.575567259,,,86777.0
E06000035,Medway,E12000008,South East,49577.0,56.0,0.11296,4137.0,8.3446,1670.0,3.3685,1,0.053191489,315,16.75531915,123,6.542553191,1880.0,,
E06000035,Medway,E12000008,South East,49577.0,56.0,0.11296,4137.0,8.3446,1670.0,3.3685,12,0.180859081,1372,20.67822155,510,7.686510927,,6635.0,
E06000035,Medway,E12000008,South East,49577.0,56.0,0.11296,4137.0,8.3446,1670.0,3.3685,43,0.104719692,2450,5.966587112,1037,2.525449321,,,41062.0
E06000036,Bracknell Forest,E12000008,South East,18806.0,10.0,0.05317,1917.0,10.19356,654.0,3.47761,0,0.0,159,20.75718016,61,7.963446475,766.0,,
E06000036,Bracknell Forest,E12000008,South East,18806.0,10.0,0.05317,1917.0,10.19356,654.0,3.47761,5,0.03163756,1091,6.903315616,411,2.600607441,,,15804.0
E06000036,Bracknell Forest,E12000008,South East,18806.0,10.0,0.05317,1917.0,10.19356,654.0,3.47761,5,0.223613596,667,29.83005367,182,8.139534884,,2236.0,
E06000037,West Berkshire,E12000008,South East,26834.0,30.0,0.1118,3179.0,11.84691,976.0,3.63718,7,0.560897436,428,34.29487179,161,12.90064103,1248.0,,
E06000037,West Berkshire,E12000008,South East,26834.0,30.0,0.1118,3179.0,11.84691,976.0,3.63718,8,0.240312406,960,28.83748874,276,8.290778011,,3329.0,
E06000037,West Berkshire,E12000008,South East,26834.0,30.0,0.1118,3179.0,11.84691,976.0,3.63718,15,0.067394528,1791,8.046906591,539,2.421710024,,,22257.0
E06000038,Reading,E12000008,South East,24240.0,13.0,0.05363,1774.0,7.31848,748.0,3.08581,1,0.106382979,350,37.23404255,135,14.36170213,940.0,,
E06000038,Reading,E12000008,South East,24240.0,13.0,0.05363,1774.0,7.31848,748.0,3.08581,2,0.009904913,676,3.347860539,332,1.644215531,,,20192.0
E06000038,Reading,E12000008,South East,24240.0,13.0,0.05363,1774.0,7.31848,748.0,3.08581,10,0.321750322,748,24.06692407,281,9.041184041,,3108.0,
E06000039,Slough,E12000008,South East,33393.0,30.0,0.08984,1317.0,3.94394,726.0,2.17411,3,0.248344371,155,12.83112583,60,4.966887417,1208.0,,
E06000039,Slough,E12000008,South East,33393.0,30.0,0.08984,1317.0,3.94394,726.0,2.17411,11,0.321355536,371,10.83844581,173,5.054046158,,3423.0,
E06000039,Slough,E12000008,South East,33393.0,30.0,0.08984,1317.0,3.94394,726.0,2.17411,16,0.055628955,791,2.750156456,493,1.714067172,,,28762.0
E06000040,Windsor and Maidenhead,E12000008,South East,22611.0,22.0,0.0973,1372.0,6.06784,635.0,2.80837,3,0.285714286,215,20.47619048,79,7.523809524,1050.0,,
E06000040,Windsor and Maidenhead,E12000008,South East,22611.0,22.0,0.0973,1372.0,6.06784,635.0,2.80837,9,0.047241615,630,3.306913023,361,1.894913653,,,19051.0
E06000040,Windsor and Maidenhead,E12000008,South East,22611.0,22.0,0.0973,1372.0,6.06784,635.0,2.80837,10,0.398406375,527,20.99601594,195,7.768924303,,2510.0,
E06000041,Wokingham,E12000008,South East,29649.0,16.0,0.05396,1155.0,3.89558,481.0,1.62231,1,0.082440231,224,18.46661171,98,8.079142622,1213.0,,
E06000041,Wokingham,E12000008,South East,29649.0,16.0,0.05396,1155.0,3.89558,481.0,1.62231,5,0.170357751,411,14.00340716,134,4.565587734,,2935.0,
E06000041,Wokingham,E12000008,South East,29649.0,16.0,0.05396,1155.0,3.89558,481.0,1.62231,10,0.039214148,520,2.03913572,249,0.976432297,,,25501.0
E06000042,Milton Keynes,E12000008,South East,51021.0,0.0,0.0,6028.0,11.81474,1860.0,3.64556,0,0.0,626,33.29787234,189,10.05319149,1880.0,,
E06000042,Milton Keynes,E12000008,South East,51021.0,0.0,0.0,6028.0,11.81474,1860.0,3.64556,0,0.0,1699,30.85724664,454,8.245550309,,5506.0,
E06000042,Milton Keynes,E12000008,South East,51021.0,0.0,0.0,6028.0,11.81474,1860.0,3.64556,0,0.0,3703,8.486306864,1217,2.789045491,,,43635.0
E06000043,Brighton and Hove,E12000008,South East,31178.0,2.0,0.00641,1605.0,5.14786,805.0,2.58195,0,0.0,707,2.838445479,395,1.585835876,,,24908.0
E06000043,Brighton and Hove,E12000008,South East,31178.0,2.0,0.00641,1605.0,5.14786,805.0,2.58195,1,0.020751193,620,12.86573978,287,5.955592447,,4819.0,
E06000043,Brighton and Hove,E12000008,South East,31178.0,2.0,0.00641,1605.0,5.14786,805.0,2.58195,1,0.068917988,278,19.15920055,123,8.476912474,1451.0,,
E06000044,Portsmouth,E12000008,South East,27642.0,12.0,0.04341,3650.0,13.20454,1219.0,4.40996,1,0.073583517,332,24.42972774,103,7.579102281,1359.0,,
E06000044,Portsmouth,E12000008,South East,27642.0,12.0,0.04341,3650.0,13.20454,1219.0,4.40996,4,0.017915528,1955,8.756214449,710,3.18000627,,,22327.0
E06000044,Portsmouth,E12000008,South East,27642.0,12.0,0.04341,3650.0,13.20454,1219.0,4.40996,7,0.176946411,1363,34.45399393,406,10.26289181,,3956.0,
E06000045,Southampton,E12000008,South East,33788.0,41.0,0.12134,3623.0,10.72274,1359.0,4.02214,3,0.172612198,420,24.16570771,156,8.975834292,1738.0,,
E06000045,Southampton,E12000008,South East,33788.0,41.0,0.12134,3623.0,10.72274,1359.0,4.02214,18,0.066820105,1919,7.123765684,752,2.791595516,,,26938.0
E06000045,Southampton,E12000008,South East,33788.0,41.0,0.12134,3623.0,10.72274,1359.0,4.02214,20,0.391236307,1284,25.11737089,451,8.822378717,,5112.0,
E06000046,Isle of Wight,E12000008,South East,16792.0,13.0,0.07742,1490.0,8.87327,606.0,3.60886,3,0.286259542,272,25.95419847,89,8.492366412,1048.0,,
E06000046,Isle of Wight,E12000008,South East,16792.0,13.0,0.07742,1490.0,8.87327,606.0,3.60886,4,0.156555773,487,19.06066536,206,8.062622309,,2555.0,
E06000046,Isle of Wight,E12000008,South East,16792.0,13.0,0.07742,1490.0,8.87327,606.0,3.60886,6,0.045492456,731,5.542497536,311,2.358025627,,,13189.0
E10000002,Buckinghamshire,E12000008,South East,,,,,,,,4,0.098522167,837,20.61576355,327,8.054187192,4060.0,,
E10000002,Buckinghamshire,E12000008,South East,,,,,,,,12,0.124545926,1570,16.29475869,611,6.341463415,,9635.0,
E10000002,Buckinghamshire,E12000008,South East,,,,,,,,17,0.022496592,2542,3.363902232,1384,1.831487289,,,75567.0
E10000011,East Sussex,E12000008,South East,68302.0,81.0,0.11859,9960.0,14.5823,3240.0,4.74364,3,0.112401649,761,28.51255152,265,9.928812289,2669.0,,
E10000011,East Sussex,E12000008,South East,68302.0,81.0,0.11859,9960.0,14.5823,3240.0,4.74364,31,0.054939212,5664,10.03792578,1945,3.446992521,,,56426.0
E10000011,East Sussex,E12000008,South East,68302.0,81.0,0.11859,9960.0,14.5823,3240.0,4.74364,47,0.510481156,3535,38.39469969,1030,11.18714022,,9207.0,
E10000014,Hampshire,E12000008,South East,183797.0,124.0,0.06747,16768.0,9.12311,6589.0,3.58493,26,0.280535175,2983,32.1860164,1073,11.57747087,9268.0,,
E10000014,Hampshire,E12000008,South East,183797.0,124.0,0.06747,16768.0,9.12311,6589.0,3.58493,49,0.032162361,8306,5.451848351,3630,2.382640202,,,152352.0
E10000014,Hampshire,E12000008,South East,183797.0,124.0,0.06747,16768.0,9.12311,6589.0,3.58493,49,0.220949633,5479,24.70577625,1886,8.504306263,,22177.0,
E10000016,Kent,E12000008,South East,250291.0,42.0,0.01678,16993.0,6.7893,7854.0,3.13795,8,0.065343462,2402,19.61937434,922,7.530833946,12243.0,,
E10000016,Kent,E12000008,South East,250291.0,42.0,0.01678,16993.0,6.7893,7854.0,3.13795,16,0.057240985,5546,19.84115627,2224,7.956496852,,27952.0,
E10000016,Kent,E12000008,South East,250291.0,42.0,0.01678,16993.0,6.7893,7854.0,3.13795,18,0.008567512,9045,4.305174777,4708,2.240880359,,,210096.0
E10000025,Oxfordshire,E12000008,South East,100196.0,23.0,0.02296,9158.0,9.14009,3374.0,3.3674,1,0.025380711,1135,28.8071066,409,10.38071066,3940.0,,
E10000025,Oxfordshire,E12000008,South East,100196.0,23.0,0.02296,9158.0,9.14009,3374.0,3.3674,6,0.007376717,3828,4.706345206,1634,2.008925827,,,81337.0
E10000025,Oxfordshire,E12000008,South East,100196.0,23.0,0.02296,9158.0,9.14009,3374.0,3.3674,16,0.107245794,4195,28.1185066,1331,8.921509485,,14919.0,
E10000030,Surrey,E12000008,South East,163112.0,142.0,0.08706,12115.0,7.42741,5031.0,3.08438,16,0.192330809,1870,22.4786633,748,8.99146532,8319.0,,
E10000030,Surrey,E12000008,South East,163112.0,142.0,0.08706,12115.0,7.42741,5031.0,3.08438,48,0.035723589,5353,3.983924385,2571,1.913444721,,,134365.0
E10000030,Surrey,E12000008,South East,163112.0,142.0,0.08706,12115.0,7.42741,5031.0,3.08438,78,0.381828862,4892,23.94752301,1712,8.380654004,,20428.0,
E10000032,West Sussex,E12000008,South East,118083.0,88.0,0.07452,8382.0,7.0984,3665.0,3.10375,3,0.062201949,799,16.56645242,310,6.427534729,4823.0,,
E10000032,West Sussex,E12000008,South East,118083.0,88.0,0.07452,8382.0,7.0984,3665.0,3.10375,33,0.034329228,4089,4.253703395,2022,2.103445406,,,96128.0
E10000032,West Sussex,E12000008,South East,118083.0,88.0,0.07452,8382.0,7.0984,3665.0,3.10375,52,0.303525566,3494,20.39458324,1333,7.780761149,,17132.0,
E06000022,Bath and North East Somerset,E12000009,South West,27503.0,39.0,0.1418,2551.0,9.27535,1066.0,3.87594,2,0.141643059,502,35.55240793,188,13.31444759,1412.0,,
E06000022,Bath and North East Somerset,E12000009,South West,27503.0,39.0,0.1418,2551.0,9.27535,1066.0,3.87594,13,0.379008746,842,24.54810496,310,9.037900875,,3430.0,
E06000022,Bath and North East Somerset,E12000009,South West,27503.0,39.0,0.1418,2551.0,9.27535,1066.0,3.87594,24,0.10590883,1207,5.326331583,568,2.50650898,,,22661.0
E06000023,"Bristol, City of",E12000009,South West,62249.0,36.0,0.05783,9004.0,14.46449,2780.0,4.46594,6,0.220426157,895,32.88023512,300,11.02130786,2722.0,,
E06000023,"Bristol, City of",E12000009,South West,62249.0,36.0,0.05783,9004.0,14.46449,2780.0,4.46594,8,0.01600096,4792,9.584575075,1559,3.118187091,,,49997.0
E06000023,"Bristol, City of",E12000009,South West,62249.0,36.0,0.05783,9004.0,14.46449,2780.0,4.46594,22,0.230849948,3317,34.80587618,921,9.664218258,,9530.0,
E06000024,North Somerset,E12000009,South West,31480.0,35.0,0.11118,2718.0,8.63405,1065.0,3.3831,1,0.091157703,230,20.96627165,98,8.933454877,1097.0,,
E06000024,North Somerset,E12000009,South West,31480.0,35.0,0.11118,2718.0,8.63405,1065.0,3.3831,17,0.063105535,1360,5.048442778,607,2.253238799,,,26939.0
E06000024,North Somerset,E12000009,South West,31480.0,35.0,0.11118,2718.0,8.63405,1065.0,3.3831,17,0.493612079,1128,32.75261324,360,10.45296167,,3444.0,
E06000025,South Gloucestershire,E12000009,South West,41019.0,32.0,0.07801,4779.0,11.6507,1567.0,3.82018,4,0.235988201,510,30.08849558,171,10.08849558,1695.0,,
E06000025,South Gloucestershire,E12000009,South West,41019.0,32.0,0.07801,4779.0,11.6507,1567.0,3.82018,13,0.252280225,1989,38.59887444,545,10.57636328,,5153.0,
E06000025,South Gloucestershire,E12000009,South West,41019.0,32.0,0.07801,4779.0,11.6507,1567.0,3.82018,15,0.043896872,2280,6.672324486,851,2.49041585,,,34171.0
E06000026,Plymouth,E12000009,South West,39014.0,52.0,0.13329,5163.0,13.23371,1692.0,4.3369,1,0.062189055,494,30.72139303,170,10.5721393,1608.0,,
E06000026,Plymouth,E12000009,South West,39014.0,52.0,0.13329,5163.0,13.23371,1692.0,4.3369,22,0.402046784,1783,32.58406433,539,9.850146199,,5472.0,
E06000026,Plymouth,E12000009,South West,39014.0,52.0,0.13329,5163.0,13.23371,1692.0,4.3369,29,0.0908123,2886,9.037389616,983,3.078223837,,,31934.0
E06000027,Torbay,E12000009,South West,20271.0,50.0,0.24666,3051.0,15.05106,932.0,4.5977,5,0.409836066,508,41.63934426,165,13.52459016,1220.0,,
E06000027,Torbay,E12000009,South West,20271.0,50.0,0.24666,3051.0,15.05106,932.0,4.5977,21,0.838993208,1090,43.54774271,306,12.2253296,,2503.0,
E06000027,Torbay,E12000009,South West,20271.0,50.0,0.24666,3051.0,15.05106,932.0,4.5977,24,0.145032632,1453,8.780517283,461,2.785835146,,,16548.0
E06000030,Swindon,E12000009,South West,37001.0,52.0,0.14054,3636.0,9.82676,1372.0,3.70801,2,0.110011001,253,13.91639164,102,5.610561056,1818.0,,
E06000030,Swindon,E12000009,South West,37001.0,52.0,0.14054,3636.0,9.82676,1372.0,3.70801,24,0.078994141,2026,6.668422092,815,2.682509381,,,30382.0
E06000030,Swindon,E12000009,South West,37001.0,52.0,0.14054,3636.0,9.82676,1372.0,3.70801,26,0.541553843,1357,28.2649448,455,9.477192252,,4801.0,
E06000052,Cornwall,E12000009,South West,74305.0,163.0,0.21937,7539.0,10.14602,2943.0,3.9607,9,0.390455531,604,26.20390456,238,10.32537961,2305.0,,
E06000052,Cornwall,E12000009,South West,74305.0,163.0,0.21937,7539.0,10.14602,2943.0,3.9607,75,0.121723606,4090,6.637993995,1704,2.765560334,,,61615.0
E06000052,Cornwall,E12000009,South West,74305.0,163.0,0.21937,7539.0,10.14602,2943.0,3.9607,79,0.760712566,2845,27.39528166,1001,9.638902263,,10385.0,
E06000053,Isles of Scilly,E12000009,South West,263.0,0.0,0.0,1.0,0.38023,1.0,0.38023,0,0.0,0,0.0,0,0.0,,14.0,240.0
E06000053,Isles of Scilly,E12000009,South West,263.0,0.0,0.0,1.0,0.38023,1.0,0.38023,0,0.0,1,11.11111111,1,11.11111111,9.0,,
E06000054,Wiltshire,E12000009,South West,70702.0,4.0,0.00566,6773.0,9.57964,2505.0,3.54304,1,0.001743527,3265,5.692616162,1342,2.339813443,,,57355.0
E06000054,Wiltshire,E12000009,South West,70702.0,4.0,0.00566,6773.0,9.57964,2505.0,3.54304,1,0.031289111,1034,32.35294118,315,9.856070088,3196.0,,
E06000054,Wiltshire,E12000009,South West,70702.0,4.0,0.00566,6773.0,9.57964,2505.0,3.54304,2,0.019702492,2474,24.37198306,848,8.353856763,,10151.0,
E06000058,"Bournemouth, Christchurch and Poole",E12000009,South West,52815.0,119.0,0.22531,5787.0,10.95711,1837.0,3.47818,6,0.267857143,594,26.51785714,217,9.6875,2240.0,,
E06000058,"Bournemouth, Christchurch and Poole",E12000009,South West,52815.0,119.0,0.22531,5787.0,10.95711,1837.0,3.47818,53,0.121727147,2883,6.621497474,971,2.230133211,,,43540.0
E06000058,"Bournemouth, Christchurch and Poole",E12000009,South West,52815.0,119.0,0.22531,5787.0,10.95711,1837.0,3.47818,60,0.852878465,2310,32.8358209,649,9.225302061,,7035.0,
E06000059,Dorset,E12000009,South West,48299.0,57.0,0.11801,4278.0,8.85733,1751.0,3.62533,6,0.260416667,493,21.39756944,197,8.550347222,2304.0,,
E06000059,Dorset,E12000009,South West,48299.0,57.0,0.11801,4278.0,8.85733,1751.0,3.62533,17,0.242130751,1597,22.74604757,543,7.733941034,,7021.0,
E06000059,Dorset,E12000009,South West,48299.0,57.0,0.11801,4278.0,8.85733,1751.0,3.62533,34,0.087237646,2188,5.613999076,1011,2.59403705,,,38974.0
E10000008,Devon,E12000009,South West,101017.0,170.0,0.16829,16147.0,15.98444,4464.0,4.41906,22,0.432985633,1893,37.25644558,549,10.80495965,5081.0,,
E10000008,Devon,E12000009,South West,101017.0,170.0,0.16829,16147.0,15.98444,4464.0,4.41906,52,0.063926828,7232,8.890746592,2265,2.78450512,,,81343.0
E10000008,Devon,E12000009,South West,101017.0,170.0,0.16829,16147.0,15.98444,4464.0,4.41906,96,0.657849654,7022,48.11896115,1650,11.30679093,,14593.0,
E10000013,Gloucestershire,E12000009,South West,91992.0,98.0,0.10653,7875.0,8.56053,3161.0,3.43617,20,0.518806744,1080,28.0155642,404,10.47989624,3855.0,,
E10000013,Gloucestershire,E12000009,South West,91992.0,98.0,0.10653,7875.0,8.56053,3161.0,3.43617,35,0.046250413,3973,5.25008259,1751,2.313842088,,,75675.0
E10000013,Gloucestershire,E12000009,South West,91992.0,98.0,0.10653,7875.0,8.56053,3161.0,3.43617,43,0.345048949,2822,22.64484031,1006,8.072540523,,12462.0,
E10000027,Somerset,E12000009,South West,72471.0,95.0,0.13109,10955.0,15.11639,3544.0,4.89023,19,0.642978003,1372,46.42978003,455,15.39763113,2955.0,,
E10000027,Somerset,E12000009,South West,72471.0,95.0,0.13109,10955.0,15.11639,3544.0,4.89023,29,0.047899049,5658,9.345269556,1956,3.230708245,,,60544.0
E10000027,Somerset,E12000009,South West,72471.0,95.0,0.13109,10955.0,15.11639,3544.0,4.89023,47,0.523851984,3925,43.74721355,1133,12.62817655,,8972.0,
E09000001,City of London,E13000001,Inner London,271.0,0.0,0.0,1.0,0.369,1.0,0.369,0,0.0,0,0.0,0,0.0,8.0,59.0,
E09000001,City of London,E13000001,Inner London,271.0,0.0,0.0,1.0,0.369,1.0,0.369,0,0.0,1,0.490196078,1,0.490196078,,,204.0
E09000007,Camden,E13000001,Inner London,21565.0,17.0,0.07883,971.0,4.50267,584.0,2.70809,2,0.199203187,178,17.72908367,72,7.171314741,1004.0,,
E09000007,Camden,E13000001,Inner London,21565.0,17.0,0.07883,971.0,4.50267,584.0,2.70809,7,0.230414747,278,9.150757077,155,5.102040816,,3038.0,
E09000007,Camden,E13000001,Inner London,21565.0,17.0,0.07883,971.0,4.50267,584.0,2.70809,8,0.045654283,515,2.938994464,357,2.037322376,,,17523.0
E09000012,Hackney,E13000001,Inner London,33615.0,33.0,0.09817,2755.0,8.19575,1508.0,4.48609,5,0.262191924,361,18.93025695,155,8.127949659,1907.0,,
E09000012,Hackney,E13000001,Inner London,33615.0,33.0,0.09817,2755.0,8.19575,1508.0,4.48609,8,0.163398693,815,16.64624183,388,7.924836601,,4896.0,
E09000012,Hackney,E13000001,Inner London,33615.0,33.0,0.09817,2755.0,8.19575,1508.0,4.48609,20,0.074593466,1579,5.88915411,965,3.599134716,,,26812.0
E09000013,Hammersmith and Fulham,E13000001,Inner London,19980.0,12.0,0.06006,1137.0,5.69069,766.0,3.83383,0,0.0,108,8.470588235,66,5.176470588,1275.0,,
E09000013,Hammersmith and Fulham,E13000001,Inner London,19980.0,12.0,0.06006,1137.0,5.69069,766.0,3.83383,3,0.139794967,265,12.34855545,149,6.943150047,,2146.0,
E09000013,Hammersmith and Fulham,E13000001,Inner London,19980.0,12.0,0.06006,1137.0,5.69069,766.0,3.83383,9,0.054351108,764,4.613805181,551,3.327495622,,,16559.0
E09000014,Haringey,E13000001,Inner London,37825.0,2.0,0.00529,1968.0,5.20291,1208.0,3.19365,0,0.0,199,10.49578059,99,5.221518987,1896.0,,
E09000014,Haringey,E13000001,Inner London,37825.0,2.0,0.00529,1968.0,5.20291,1208.0,3.19365,0,0.0,1277,4.08078484,860,2.748218451,,,31293.0
E09000014,Haringey,E13000001,Inner London,37825.0,2.0,0.00529,1968.0,5.20291,1208.0,3.19365,2,0.043140638,492,10.61259707,249,5.371009491,,4636.0,
E09000019,Islington,E13000001,Inner London,23557.0,12.0,0.05094,1813.0,7.69623,878.0,3.72713,1,0.067980965,177,12.03263086,75,5.0985724,1471.0,,
E09000019,Islington,E13000001,Inner London,23557.0,12.0,0.05094,1813.0,7.69623,878.0,3.72713,3,0.078534031,692,18.11518325,279,7.303664921,,3820.0,
E09000019,Islington,E13000001,Inner London,23557.0,12.0,0.05094,1813.0,7.69623,878.0,3.72713,8,0.043797219,944,5.168071827,524,2.868717836,,,18266.0
E09000020,Kensington and Chelsea,E13000001,Inner London,13239.0,18.0,0.13596,1386.0,10.46907,706.0,5.33273,2,0.256410256,108,13.84615385,55,7.051282051,780.0,,
E09000020,Kensington and Chelsea,E13000001,Inner London,13239.0,18.0,0.13596,1386.0,10.46907,706.0,5.33273,4,0.24434942,394,24.06841784,173,10.5681124,,1637.0,
E09000020,Kensington and Chelsea,E13000001,Inner London,13239.0,18.0,0.13596,1386.0,10.46907,706.0,5.33273,12,0.110885234,884,8.168545555,478,4.416928479,,,10822.0
E09000022,Lambeth,E13000001,Inner London,36066.0,7.0,0.01941,1988.0,5.51212,1158.0,3.21078,0,0.0,258,12.39788563,129,6.198942816,2081.0,,
E09000022,Lambeth,E13000001,Inner London,36066.0,7.0,0.01941,1988.0,5.51212,1158.0,3.21078,2,0.041017227,603,12.36669401,313,6.419196062,,4876.0,
E09000022,Lambeth,E13000001,Inner London,36066.0,7.0,0.01941,1988.0,5.51212,1158.0,3.21078,5,0.017176818,1127,3.871654815,716,2.459720361,,,29109.0
E09000023,Lewisham,E13000001,Inner London,37966.0,17.0,0.04478,2121.0,5.58658,1270.0,3.3451,0,0.0,277,13.85,142,7.1,2000.0,,
E09000023,Lewisham,E13000001,Inner London,37966.0,17.0,0.04478,2121.0,5.58658,1270.0,3.3451,5,0.091024941,570,10.37684326,316,5.752776261,,5493.0,
E09000023,Lewisham,E13000001,Inner London,37966.0,17.0,0.04478,2121.0,5.58658,1270.0,3.3451,12,0.039379123,1274,4.180750172,812,2.664653956,,,30473.0
E09000025,Newham,E13000001,Inner London,63442.0,40.0,0.06305,2483.0,3.91381,1446.0,2.27925,3,0.15641293,176,9.176225235,93,4.848800834,1918.0,,
E09000025,Newham,E13000001,Inner London,63442.0,40.0,0.06305,2483.0,3.91381,1446.0,2.27925,11,0.175019889,512,8.14638027,260,4.136833731,,6285.0,
E09000025,Newham,E13000001,Inner London,63442.0,40.0,0.06305,2483.0,3.91381,1446.0,2.27925,26,0.047068195,1795,3.249515741,1093,1.978674487,,,55239.0
E09000028,Southwark,E13000001,Inner London,42279.0,20.0,0.0473,2387.0,5.64583,1452.0,3.43433,2,0.102197241,235,12.00817578,124,6.336228922,1957.0,,
E09000028,Southwark,E13000001,Inner London,42279.0,20.0,0.0473,2387.0,5.64583,1452.0,3.43433,7,0.11678345,710,11.84517851,377,6.289622956,,5994.0,
E09000028,Southwark,E13000001,Inner London,42279.0,20.0,0.0473,2387.0,5.64583,1452.0,3.43433,11,0.032043813,1442,4.200652529,951,2.770333256,,,34328.0
E09000030,Tower Hamlets,E13000001,Inner London,45710.0,3.0,0.00656,1237.0,2.70619,795.0,1.73923,0,0.0,151,5.484925536,85,3.087540865,2753.0,,
E09000030,Tower Hamlets,E13000001,Inner London,45710.0,3.0,0.00656,1237.0,2.70619,795.0,1.73923,0,0.0,751,2.015349936,512,1.373980249,,,37264.0
E09000030,Tower Hamlets,E13000001,Inner London,45710.0,3.0,0.00656,1237.0,2.70619,795.0,1.73923,3,0.052696294,335,5.884419462,198,3.477955384,,5693.0,
E09000032,Wandsworth,E13000001,Inner London,33028.0,19.0,0.05753,1197.0,3.6242,700.0,2.11941,2,0.091533181,249,11.39588101,131,5.995423341,2185.0,,
E09000032,Wandsworth,E13000001,Inner London,33028.0,19.0,0.05753,1197.0,3.6242,700.0,2.11941,3,0.069156293,282,6.500691563,166,3.826648225,,4338.0,
E09000032,Wandsworth,E13000001,Inner London,33028.0,19.0,0.05753,1197.0,3.6242,700.0,2.11941,14,0.052820223,666,2.512733447,403,1.520467836,,,26505.0
E09000033,Westminster,E13000001,Inner London,21325.0,7.0,0.03283,1401.0,6.56975,856.0,4.01407,0,0.0,104,11.00529101,58,6.137566138,945.0,,
E09000033,Westminster,E13000001,Inner London,21325.0,7.0,0.03283,1401.0,6.56975,856.0,4.01407,1,0.005606324,880,4.933565061,575,3.223636262,,,17837.0
E09000033,Westminster,E13000001,Inner London,21325.0,7.0,0.03283,1401.0,6.56975,856.0,4.01407,6,0.235941801,417,16.39795517,223,8.769170271,,2543.0,
E09000002,Barking and Dagenham,E13000002,Outer London,45399.0,18.0,0.03965,1214.0,2.67407,786.0,1.73132,2,0.123076923,136,8.369230769,72,4.430769231,1625.0,,
E09000002,Barking and Dagenham,E13000002,Outer London,45399.0,18.0,0.03965,1214.0,2.67407,786.0,1.73132,4,0.073112776,367,6.70809724,189,3.454578688,,5471.0,
E09000002,Barking and Dagenham,E13000002,Outer London,45399.0,18.0,0.03965,1214.0,2.67407,786.0,1.73132,12,0.031329139,711,1.856251469,525,1.370649819,,,38303.0
E09000003,Barnet,E13000002,Outer London,62026.0,19.0,0.03063,3083.0,4.9705,1880.0,3.03099,1,0.03805175,299,11.37747336,132,5.02283105,2628.0,,
E09000003,Barnet,E13000002,Outer London,62026.0,19.0,0.03063,3083.0,4.9705,1880.0,3.03099,9,0.016975367,1990,3.753442227,1367,2.57836961,,,53018.0
E09000003,Barnet,E13000002,Outer London,62026.0,19.0,0.03063,3083.0,4.9705,1880.0,3.03099,9,0.141065831,794,12.44514107,381,5.971786834,,6380.0,
E09000004,Bexley,E13000002,Outer London,43641.0,49.0,0.11228,3353.0,7.68314,1505.0,3.44859,4,0.220994475,240,13.25966851,127,7.016574586,1810.0,,
E09000004,Bexley,E13000002,Outer London,43641.0,49.0,0.11228,3353.0,7.68314,1505.0,3.44859,11,0.236000858,1023,21.94807981,400,8.581849389,,4661.0,
E09000004,Bexley,E13000002,Outer London,43641.0,49.0,0.11228,3353.0,7.68314,1505.0,3.44859,34,0.091471617,2090,5.622814097,978,2.631154157,,,37170.0
E09000005,Brent,E13000002,Outer London,48149.0,28.0,0.05815,2287.0,4.74984,1395.0,2.89726,1,0.049382716,220,10.86419753,95,4.691358025,2025.0,,
E09000005,Brent,E13000002,Outer London,48149.0,28.0,0.05815,2287.0,4.74984,1395.0,2.89726,7,0.136532085,630,12.28788765,335,6.534035498,,5127.0,
E09000005,Brent,E13000002,Outer London,48149.0,28.0,0.05815,2287.0,4.74984,1395.0,2.89726,20,0.048784057,1437,3.505134522,965,2.353830768,,,40997.0
E09000006,Bromley,E13000002,Outer London,53174.0,48.0,0.09027,2539.0,4.77489,1272.0,2.39215,2,0.083892617,304,12.75167785,156,6.543624161,2384.0,,
E09000006,Bromley,E13000002,Outer London,53174.0,48.0,0.09027,2539.0,4.77489,1272.0,2.39215,16,0.244573525,801,12.24396209,367,5.609905228,,6542.0,
E09000006,Bromley,E13000002,Outer London,53174.0,48.0,0.09027,2539.0,4.77489,1272.0,2.39215,30,0.067799675,1434,3.240824444,749,1.692731875,,,44248.0
E09000008,Croydon,E13000002,Outer London,57794.0,24.0,0.04153,3649.0,6.3138,2150.0,3.72011,0,0.0,315,12.49008723,152,6.026962728,2522.0,,
E09000008,Croydon,E13000002,Outer London,57794.0,24.0,0.04153,3649.0,6.3138,2150.0,3.72011,11,0.023203324,2033,4.288396228,1363,2.875102833,,,47407.0
E09000008,Croydon,E13000002,Outer London,57794.0,24.0,0.04153,3649.0,6.3138,2150.0,3.72011,13,0.165289256,1301,16.54164018,635,8.073744437,,7865.0,
E09000009,Ealing,E13000002,Outer London,54463.0,53.0,0.09731,2316.0,4.25243,1415.0,2.59809,0,0.0,267,10.62898089,127,5.055732484,2512.0,,
E09000009,Ealing,E13000002,Outer London,54463.0,53.0,0.09731,2316.0,4.25243,1415.0,2.59809,24,0.42462845,596,10.54493984,306,5.414012739,,5652.0,
E09000009,Ealing,E13000002,Outer London,54463.0,53.0,0.09731,2316.0,4.25243,1415.0,2.59809,29,0.062636342,1453,3.138296723,982,2.120996134,,,46299.0
E09000010,Enfield,E13000002,Outer London,56227.0,8.0,0.01423,3320.0,5.90464,1893.0,3.36671,1,0.016168149,741,11.98059822,341,5.513338723,,6185.0,
E09000010,Enfield,E13000002,Outer London,56227.0,8.0,0.01423,3320.0,5.90464,1893.0,3.36671,1,0.033456005,522,17.46403479,223,7.460689194,2989.0,,
E09000010,Enfield,E13000002,Outer London,56227.0,8.0,0.01423,3320.0,5.90464,1893.0,3.36671,6,0.012751578,2057,4.371665994,1329,2.824474529,,,47053.0
E09000011,Greenwich,E13000002,Outer London,44409.0,9.0,0.02027,2664.0,5.99878,1524.0,3.43174,0,0.0,222,12.83979179,122,7.056101793,1729.0,,
E09000011,Greenwich,E13000002,Outer London,44409.0,9.0,0.02027,2664.0,5.99878,1524.0,3.43174,2,0.029642804,970,14.37676004,465,6.891951979,,6747.0,
E09000011,Greenwich,E13000002,Outer London,44409.0,9.0,0.02027,2664.0,5.99878,1524.0,3.43174,7,0.0194807,1472,4.096512955,937,2.607630869,,,35933.0
E09000015,Harrow,E13000002,Outer London,39158.0,26.0,0.0664,1338.0,3.41693,817.0,2.08642,4,0.269723533,165,11.12609575,83,5.596763318,1483.0,,
E09000015,Harrow,E13000002,Outer London,39158.0,26.0,0.0664,1338.0,3.41693,817.0,2.08642,11,0.032498227,825,2.437367053,550,1.624911368,,,33848.0
E09000015,Harrow,E13000002,Outer London,39158.0,26.0,0.0664,1338.0,3.41693,817.0,2.08642,11,0.287431408,348,9.093284557,184,4.807943559,,3827.0,
E09000016,Havering,E13000002,Outer London,42213.0,21.0,0.04975,1840.0,4.35885,1005.0,2.38078,3,0.081989615,488,13.33697732,235,6.422519814,,3659.0,
E09000016,Havering,E13000002,Outer London,42213.0,21.0,0.04975,1840.0,4.35885,1005.0,2.38078,4,0.24600246,196,12.05412054,95,5.842558426,1626.0,,
E09000016,Havering,E13000002,Outer London,42213.0,21.0,0.04975,1840.0,4.35885,1005.0,2.38078,14,0.037911612,1156,3.130415945,675,1.827881282,,,36928.0
E09000017,Hillingdon,E13000002,Outer London,53068.0,42.0,0.07914,2586.0,4.87299,1378.0,2.59667,4,0.172191132,364,15.66939303,150,6.457167456,2323.0,,
E09000017,Hillingdon,E13000002,Outer London,53068.0,42.0,0.07914,2586.0,4.87299,1378.0,2.59667,7,0.119250426,708,12.06132879,320,5.451448041,,5870.0,
E09000017,Hillingdon,E13000002,Outer London,53068.0,42.0,0.07914,2586.0,4.87299,1378.0,2.59667,31,0.06908078,1514,3.373816156,908,2.023398329,,,44875.0
E09000018,Hounslow,E13000002,Outer London,45866.0,57.0,0.12428,2320.0,5.05821,1332.0,2.90411,3,0.151898734,197,9.974683544,89,4.506329114,1975.0,,
E09000018,Hounslow,E13000002,Outer London,45866.0,57.0,0.12428,2320.0,5.05821,1332.0,2.90411,22,0.058211838,1306,3.455666393,851,2.25173974,,,37793.0
E09000018,Hounslow,E13000002,Outer London,45866.0,57.0,0.12428,2320.0,5.05821,1332.0,2.90411,32,0.524762217,817,13.39783536,392,6.42833716,,6098.0,
E09000021,Kingston upon Thames,E13000002,Outer London,27065.0,10.0,0.03695,467.0,1.72548,309.0,1.1417,0,0.0,95,7.923269391,47,3.919933278,1199.0,,
E09000021,Kingston upon Thames,E13000002,Outer London,27065.0,10.0,0.03695,467.0,1.72548,309.0,1.1417,5,0.021718356,247,1.072886804,188,0.816610199,,,23022.0
E09000021,Kingston upon Thames,E13000002,Outer London,27065.0,10.0,0.03695,467.0,1.72548,309.0,1.1417,5,0.17580872,125,4.395218003,74,2.601969058,,2844.0,
E09000024,Merton,E13000002,Outer London,27984.0,14.0,0.05003,879.0,3.14108,539.0,1.9261,0,0.0,240,16.52892562,116,7.988980716,1452.0,,
E09000024,Merton,E13000002,Outer London,27984.0,14.0,0.05003,879.0,3.14108,539.0,1.9261,3,0.07963897,309,8.20281391,193,5.123440404,,3767.0,
E09000024,Merton,E13000002,Outer London,27984.0,14.0,0.05003,879.0,3.14108,539.0,1.9261,11,0.048319789,330,1.449593675,230,1.010322864,,,22765.0
E09000026,Redbridge,E13000002,Outer London,58356.0,33.0,0.05655,2308.0,3.95503,1513.0,2.59271,0,0.0,162,7.390510949,76,3.467153285,2192.0,,
E09000026,Redbridge,E13000002,Outer London,58356.0,33.0,0.05655,2308.0,3.95503,1513.0,2.59271,14,0.248315005,572,10.14544165,323,5.728981908,,5638.0,
E09000026,Redbridge,E13000002,Outer London,58356.0,33.0,0.05655,2308.0,3.95503,1513.0,2.59271,19,0.037604402,1574,3.115227804,1114,2.204805447,,,50526.0
E09000027,Richmond upon Thames,E13000002,Outer London,28890.0,5.0,0.01731,820.0,2.83835,439.0,1.51956,0,0.0,150,11.96172249,62,4.944178628,1254.0,,
E09000027,Richmond upon Thames,E13000002,Outer London,28890.0,5.0,0.01731,820.0,2.83835,439.0,1.51956,2,0.008074609,390,1.574548831,239,0.964915822,,,24769.0
E09000027,Richmond upon Thames,E13000002,Outer London,28890.0,5.0,0.01731,820.0,2.83835,439.0,1.51956,3,0.104638995,280,9.766306243,138,4.813393791,,2867.0,
E09000029,Sutton,E13000002,Outer London,41045.0,80.0,0.19491,2543.0,6.19564,1272.0,3.09904,9,0.558312655,306,18.98263027,127,7.878411911,1612.0,,
E09000029,Sutton,E13000002,Outer London,41045.0,80.0,0.19491,2543.0,6.19564,1272.0,3.09904,34,0.892388451,843,22.12598425,319,8.372703412,,3810.0,
E09000029,Sutton,E13000002,Outer London,41045.0,80.0,0.19491,2543.0,6.19564,1272.0,3.09904,37,0.10386548,1394,3.913202145,826,2.318726665,,,35623.0
E09000031,Waltham Forest,E13000002,Outer London,42246.0,40.0,0.09468,2075.0,4.91171,1191.0,2.8192,4,0.177226407,314,13.91227293,136,6.025697829,2257.0,,
E09000031,Waltham Forest,E13000002,Outer London,42246.0,40.0,0.09468,2075.0,4.91171,1191.0,2.8192,17,0.048415117,1168,3.326403326,767,2.184376157,,,35113.0
E09000031,Waltham Forest,E13000002,Outer London,42246.0,40.0,0.09468,2075.0,4.91171,1191.0,2.8192,19,0.389663659,593,12.16160788,288,5.906480722,,4876.0,
